word,sim
conflict,0.7445193529129028
strife,0.7322413921356201
registry,0.5861291885375977
forfeitability,0.5598737001419067
defence_scd,0.5499945878982544
scorched_trees,0.5472924709320068
wars,0.5455386638641357
defenc,0.5122465491294861
elders,0.5062341690063477
racked,0.4975431263446808
