word,sim
crises,0.6898296475410461
turmoil,0.6655193567276001
situation,0.644321084022522
chaos,0.6130757331848145
disaster,0.5955928564071655
catastrophes,0.5766772031784058
saga,0.5362463593482971
stalemate,0.5340180397033691
stagnation_inside,0.5274242162704468
problems,0.5261491537094116
