word,sim
kampf,0.5723890662193298
staat,0.5258769392967224
kampfes,0.49121493101119995
iran,0.470575213432312
wirtschaftlichen_strafmaßnahmen,0.4667048454284668
informationskrieg,0.46364790201187134
verbrechen,0.4374646842479706
westen,0.43668079376220703
wirtschaftskrieg,0.42850977182388306
venezuela,0.4258621335029602
