word,sim
situation,0.5990864634513855
eskalation,0.5501990914344788
kulturelle_rechte,0.5058056116104126
lösung,0.5043389797210693
lage,0.4942062199115753
wirtschaftlichen,0.48386120796203613
verschärfende_politische,0.4610673785209656
aktuellen,0.4424877464771271
soziale_bürgerliche,0.44142550230026245
pseudoführer,0.4406735897064209
