word,sim
situação,0.6426881551742554
recebesse_ajuda,0.5619028806686401
tensão,0.5162703990936279
decisão_marca,0.5008058547973633
disfunção,0.4826790988445282
distribuir_ajuda,0.4819679856300354
cise,0.4784528911113739
questão,0.47701728343963623
tensões,0.4699594974517822
ambientalmente,0.46847373247146606
