word,sim
guerra_civil,0.6990348100662231
início,0.5660560131072998
crise_demora,0.552015483379364
conflito,0.5326493978500366
oito_anos,0.5147805213928223
país_devastado,0.5050907135009766
batalha,0.5047346949577332
ocasionados,0.502167820930481
dentro,0.501794695854187
acontece,0.4922890067100525
