word,sim
larga_guerra,0.5918358564376831
ocho_años,0.580762505531311
estructura_civil,0.5713855624198914
inicio,0.5364634990692139
confundirlo,0.5334795713424683
agresión,0.5290400981903076
está_sumergido,0.5284832715988159
excepción,0.5105445981025696
ofensiva,0.5098611116409302
represión_brutal,0.4991687536239624
