word,sim
situación,0.7397081851959229
catástrofe,0.6228033900260925
tragedia,0.6205132007598877
emergencia_humanitaria,0.6022975444793701
crisis_migratoria,0.5811165571212769
severa_crisis,0.5410155057907104
enconada_crisis,0.5195241570472717
coyuntura,0.5167019367218018
suministrar_ayuda,0.509075403213501
ingresar_ayuda,0.49886491894721985
