,lex,auto_man,mean_dist,similarity
0,modalization,0.7217129779795399,3.0015132935554285,0.7595502976684677
1,pressuposition,0.8746909574440751,3.0501377884299465,0.7132290348449075
