,auto_man,lex,mean_dist,similarity
0,9.288380345646752,modalization,39.2142726562,0.7631377629497303
1,10.902046455764742,pressuposition,39.7748846443,0.7259062709229736
